[
  {
    "id": 1,
    "title": "W cieniu piramid",
    "country": "Egipt",
    "start": "10.10.2022",
    "end": "20.10.2022",
    "value": 1500,
    "max_capacity": 30,
    "capacity": 10,
    "yoursRes": 0,
    "details": "Niesamowita wycieczka po świecie faraonów, bogów o zwierzęcych głowach oraz poszukiwaczy skarbów",
    "link": "./assets/zdj1.jpeg"
  },
  {
    "id": 2,
    "title": "W cieniu piramid",
    "country": "Egipt",
    "start": "10.10.2022",
    "end": "20.10.2022",
    "value": 1700,
    "max_capacity": 30,
    "capacity": 0,
    "yoursRes": 0,
    "details": "Niesamowita wycieczka po świecie faraonów, bogów o zwierzęcych głowach oraz poszukiwaczy skarbów",
    "link": "./assets/zdj1.jpeg"
  },
  {
    "id": 3,
    "title": "Taniocha",
    "country": "Egipt",
    "start": "10.10.2022",
    "end": "20.10.2022",
    "value": 300,
    "max_capacity": 30,
    "capacity": 30,
    "yoursRes": 0,
    "details": "Niesamowita wycieczka po świecie faraonów, bogów o zwierzęcych głowach oraz poszukiwaczy skarbów",
    "link": "./assets/zdj1.jpeg"
  },
  {
    "id": 4,
    "title": "W cieniu piramid",
    "country": "Egipt",
    "start": "10.10.2022",
    "end": "20.10.2022",
    "value": 450,
    "max_capacity": 30,
    "capacity": 0,
    "yoursRes": 0,
    "details": "Niesamowita wycieczka po świecie faraonów, bogów o zwierzęcych głowach oraz poszukiwaczy skarbów",
    "link": "./assets/zdj1.jpeg"
  },
  {
    "id": 5,
    "title": "W cieniu piramid",
    "country": "Egipt",
    "start": "10.10.2022",
    "end": "20.10.2022",
    "value": 1234,
    "max_capacity": 30,
    "capacity": 0,
    "yoursRes": 0,
    "details": "Niesamowita wycieczka po świecie faraonów, bogów o zwierzęcych głowach oraz poszukiwaczy skarbów",
    "link": "./assets/zdj1.jpeg"
  },
  {
    "id": 6,
    "title": "W cieniu piramid",
    "country": "Egipt",
    "start": "10.10.2022",
    "end": "20.10.2022",
    "value": 2137,
    "max_capacity": 30,
    "capacity": 0,
    "yoursRes": 0,
    "details": "Niesamowita wycieczka po świecie faraonów, bogów o zwierzęcych głowach oraz poszukiwaczy skarbów",
    "link": "./assets/zdj1.jpeg"
  },
  {
    "id": 7,
    "title": "W cieniu piramid",
    "country": "Egipt",
    "start": "10.10.2022",
    "end": "20.10.2022",
    "value": 1500,
    "max_capacity": 30,
    "capacity": 0,
    "yoursRes": 0,
    "details": "Niesamowita wycieczka po świecie faraonów, bogów o zwierzęcych głowach oraz poszukiwaczy skarbów",
    "link": "./assets/zdj1.jpeg"
  },
  {
    "id": 8,
    "title": "W cieniu piramid",
    "country": "Egipt",
    "start": "10.10.2022",
    "end": "20.10.2022",
    "value": 1500,
    "max_capacity": 30,
    "capacity": 0,
    "yoursRes": 0,
    "details": "Niesamowita wycieczka po świecie faraonów, bogów o zwierzęcych głowach oraz poszukiwaczy skarbów",
    "link": "./assets/zdj1.jpeg"
  },
  {
    "id": 9,
    "title": "W cieniu piramid",
    "country": "Egipt",
    "start": "10.10.2022",
    "end": "20.10.2022",
    "value": 1500,
    "max_capacity": 30,
    "capacity": 0,
    "yoursRes": 0,
    "details": "Niesamowita wycieczka po świecie faraonów, bogów o zwierzęcych głowach oraz poszukiwaczy skarbów",
    "link": "./assets/zdj1.jpeg"
  },
  {
    "id": 10,
    "title": "W cieniu piramid",
    "country": "Egipt",
    "start": "10.10.2022",
    "end": "20.10.2022",
    "value": 1500,
    "max_capacity": 30,
    "capacity": 0,
    "yoursRes": 0,
    "details": "Niesamowita wycieczka po świecie faraonów, bogów o zwierzęcych głowach oraz poszukiwaczy skarbów",
    "link": "./assets/zdj1.jpeg"
  }
]
